Year,Total
2015,2258092.75878906
2014,2484636.14790296
2013,2372141.16601562
2012,2516667.875
2011,2158504.98632812
2010,2565499.55273438
2009,2484141.91992188
2008,2419696.98242188
2007,2439254.50073242
2006,2356871.59448242
2005,2264831.69739412
2004,2255338.25634766
2003,2088051.36669922
2002,2530788.11376953
2001,2524764.16796875
2000,2526391.24804688
1999,2429044.17382812
1998,2522604.87304688
1997,2301625.68554688
1996,2274652.05273438
1995,2340925.06374512